source,headline,url,date,raw_text,names,policies
zaobao,中国,https://www.zaobao.com.sg/news/china,,"每日新闻速递，带给你最值得关注的时事与资讯
注册即表示我接受新报业媒体不时更新的 条规 及 隐私政策 。
是， 我希望收到新报业媒体 的市场宣传及营销信息。
新报业媒体总机
订阅热线
早报广告联系
新闻热线
MDDI (P) 044/10/2025, MDDI (P) 045/10/2025 新报业媒体有限公司版权所有（公司登记号：202120748H） 在中国的用户请游览 zaobao.com
提醒：新加坡网络业者若未经许可，擅自引用本网内容将面对法律行动。
第三方公司可能在早报网站宣传他们的产品或服务。不过您跟第三方公司的任何交易与早报网站无关，早报将不会对可能引起的任何损失负责。",,
zaobao,东南亚,https://www.zaobao.com.sg/news/sea,,"每日新闻速递，带给你最值得关注的时事与资讯
注册即表示我接受新报业媒体不时更新的 条规 及 隐私政策 。
是， 我希望收到新报业媒体 的市场宣传及营销信息。
新报业媒体总机
订阅热线
早报广告联系
新闻热线
MDDI (P) 044/10/2025, MDDI (P) 045/10/2025 新报业媒体有限公司版权所有（公司登记号：202120748H） 在中国的用户请游览 zaobao.com
提醒：新加坡网络业者若未经许可，擅自引用本网内容将面对法律行动。
第三方公司可能在早报网站宣传他们的产品或服务。不过您跟第三方公司的任何交易与早报网站无关，早报将不会对可能引起的任何损失负责。",,
zaobao,新加坡,https://www.zaobao.com.sg/news/singapore,,"每日新闻速递，带给你最值得关注的时事与资讯
注册即表示我接受新报业媒体不时更新的 条规 及 隐私政策 。
是， 我希望收到新报业媒体 的市场宣传及营销信息。
新报业媒体总机
订阅热线
早报广告联系
新闻热线
MDDI (P) 044/10/2025, MDDI (P) 045/10/2025 新报业媒体有限公司版权所有（公司登记号：202120748H） 在中国的用户请游览 zaobao.com
提醒：新加坡网络业者若未经许可，擅自引用本网内容将面对法律行动。
第三方公司可能在早报网站宣传他们的产品或服务。不过您跟第三方公司的任何交易与早报网站无关，早报将不会对可能引起的任何损失负责。",,
zaobao,体育,https://www.zaobao.com.sg/news/sports,,"每日新闻速递，带给你最值得关注的时事与资讯
注册即表示我接受新报业媒体不时更新的 条规 及 隐私政策 。
是， 我希望收到新报业媒体 的市场宣传及营销信息。
新报业媒体总机
订阅热线
早报广告联系
新闻热线
MDDI (P) 044/10/2025, MDDI (P) 045/10/2025 新报业媒体有限公司版权所有（公司登记号：202120748H） 在中国的用户请游览 zaobao.com
提醒：新加坡网络业者若未经许可，擅自引用本网内容将面对法律行动。
第三方公司可能在早报网站宣传他们的产品或服务。不过您跟第三方公司的任何交易与早报网站无关，早报将不会对可能引起的任何损失负责。",,
zaobao,国际,https://www.zaobao.com.sg/news/world,,"每日新闻速递，带给你最值得关注的时事与资讯
注册即表示我接受新报业媒体不时更新的 条规 及 隐私政策 。
是， 我希望收到新报业媒体 的市场宣传及营销信息。
新报业媒体总机
订阅热线
早报广告联系
新闻热线
MDDI (P) 044/10/2025, MDDI (P) 045/10/2025 新报业媒体有限公司版权所有（公司登记号：202120748H） 在中国的用户请游览 zaobao.com
提醒：新加坡网络业者若未经许可，擅自引用本网内容将面对法律行动。
第三方公司可能在早报网站宣传他们的产品或服务。不过您跟第三方公司的任何交易与早报网站无关，早报将不会对可能引起的任何损失负责。",,
zaobao,侯光辉接替云维德出任警察总监,https://www.zaobao.com.sg/realtime/singapore/story20260105-8054915,,"副警察总监（政策）侯光辉接替警察总监云维德，出任我国独立以来第九任警察总监。
交接仪式星期一（1月5日）下午5时30分在内政群英学院（Home Team Academy）举行。警察总监云维德（62岁）检阅警察仪仗部队后，把象征新加坡警察部队最高荣誉的淡马锡之剑交给副警察总监（政策）侯光辉（46岁）。侯光辉也将于星期二（6日）正式出任警察总监。
侯光辉是警察部队奖学金得主，1998年加入警察部队。他在警察部队和内政部担任过多个重要职务，其中包括副警察总监（调查与情报）、刑事侦查局局长、行动局局长，以及内政部总部政策发展司高级司长。
交接仪式原定在户外广场举行，但因半途出现闪电警报而改在室内礼堂举行。
云维德在仪式上致辞时说，卸任警察总监之际，令他感到欣慰的是，侯光辉将胜任领导警队的工作。“我有幸曾与侯光辉紧密共事，我深信他会以坚定的信念、过人的勇气以及仁爱之心，引领新加坡警察部队。”
云维德也向所有在他任期内付出辛劳的警员们致意，也感谢所有合作伙伴的支持。
侯光辉则通过警察部队文告指出，对于接过警察总监一职，他感到荣幸和谦卑。肩负起领导警队的重责，他承诺将竭诚为新加坡服务。“我期待与警员、合作伙伴及社区紧密合作，共同维护新加坡的安全与稳定。”
云维德在2015年1月6日出任警察总监，并将于2026年1月6日退休。他1987年加入警察部队，在警队服务的38年里担任过多个要职，其中包括副警察总监（调查与情报）、刑事侦查局局长和警察情报局局长。
超过2000名警察部队的警员和亲友们，以及海外警队代表出席了交接仪式。",,
zaobao,物业经理冒用公司名义接装修工程 收逾7万元赌博致工程烂尾监11个月,https://www.zaobao.com.sg/realtime/singapore/story20260105-8055479,,"装修公司Livspace物业经理冒用公司名义接装修工程，向五名客户收取逾7万元，仅向承包商支付1万元，其余款项被挪作赌博和个人消费，导致多项装修未完成甚至未开始，最终被判监禁11个月。
被告周文杰（46岁，译音）面对两项失信的控状，他于星期一（1月5日）承认其中一项，余项交由法官下判时一并纳入考量。
案情显示，2023年4月至2023年12月期间，被告在未经公司知情的情况下，以公司名义向五名客户承诺提供装修工程，要求客户直接将款项转入他的个人银行账户或通过PayNow他的电话号码付款。
五名客户共向被告转账7万4305元。
在所收取的款项中，被告向承包商支付约1万元，以进行部分装修工程。由于仅向承包商作出部分付款，四名客户单位的装修工程在开始后未能完成，另有一名客户单位的装修工程则完全未开始。
被告不诚实地将余下约6万4305元据为己有，他将这笔款项用于赌博和个人开销，至今未作出任何赔偿。此外，被告也涉及失信一名客户7684元。
2024年1月9日，公司人力资源经理向警方报案，法庭文件并未说明被告的罪行如何被揭发。
控方指出，被告在约八个月内多次犯案，不仅滥用公司业务经理的职务信任，他的行为也对多名受害者造成实质损害，因此建议法官判处11至12个月监禁。",,
zaobao,三巴旺通道组屋单位元旦失火 修复进展顺利,https://www.zaobao.com.sg/realtime/singapore/story20260105-8055949,,"三巴旺通道第462座组屋一个11楼单位 元旦下午失火 ，导致四人送院，90人紧急疏散。相关的修复工作进展顺利，目前还在紧锣密鼓地进行中。
三巴旺集选区脸书页面Sayang Sembawang星期一（1月5日）发文讲述了修复工作的最新进展。
根据贴文，受影响的走廊已经清洗完毕，主要水管也已更换。各个部门正在携手展开内部的清理工作，并为受影响居民提供支援。
“感谢居民的耐心与合作，我们会继续与相关机构合作，确保大家能享有一个安全和舒适的居住环境。”
《联合早报》早前报道，新加坡警察部队和新加坡民防部队抵达火场后，使用一支水枪灭火，并疏散约90名居民。四人因吸入浓烟须接受检查，其中三人过后送往新加坡中央医院，一人送往竹脚妇幼医院接受治疗。",,
zaobao,6岁男童在星耀樟宜步行网摔倒致鼻梁骨折 家长吁加强防护措施,https://www.zaobao.com.sg/realtime/singapore/story20260105-8056424,,"趁12月假期到星耀樟宜的游乐设施玩耍时出意外，6岁男孩不慎摔倒导致鼻骨粉碎性骨折，入院缝了30多针，恐会留下永久性伤疤。家长呼吁加强安全措施，避免事故重演。
这起事故发生在2025年12月10日，地点是星耀樟宜顶层星空花园（Canopy Park）的步行网（Walking Net）。
6岁男孩在近出口处小跑玩乐时不慎摔倒，鼻梁正撞步行网衔接出口木栈道的边缘，导致男孩鼻子出现一道极深的开放性伤口，鼻梁也粉碎性骨折。
男孩的父亲倪先生星期一（1月5日）接受《联合早报》访问时描述了事发经过。倪先生当天因工作繁忙无法陪同，由太太带着两名年龄分别为9岁和6岁的儿子到步行网游玩。
“小儿子当时在出口附近的斜坡玩，小朋友跑起来时，妻子还来不及阻拦就摔倒，鼻子磕到木栈道边缘。”
倪先生说，医护人员第一时间赶来，为儿子的伤口做应急处理，工作人员也提议到机场内的诊所进行进一步治疗。由于男孩伤势严重，他和太太认为应立即前往医院，因此婉拒机场方的提议，直接将孩子送往离机场最近的樟宜综合医院。
“樟宜医院的医生认为儿子需要专业的儿童医生处理，我们于是将他转到竹脚妇幼医院。”
医院为男孩安排隔天一早的全麻手术。骨科医生首先对粉碎性鼻梁骨折进行了复位与固定，再由整容医生对开放性伤口进行三层缝合，缝了超过30针。倪先生说，虽然医生尽量将创口减到最小，但仍会留下一道永久性伤疤。
“妻子事后十分自责，觉得自己如果能及时阻止儿子奔跑，他或许不会伤得这么重。”
倪先生认为，儿子在网面奔跑确实有过失，但如果木栈道边缘有防护措施，儿子也不会受这么重的伤。
“木栈道边缘是个直角，出口附近的步行网又是下坡，构成很大的安全隐患。步道边应该用较软的材料包裹，减轻摔倒时的伤害。”
星耀樟宜 受询时指出，步行网是一项需要在悬挂、拉紧且具有不同弧度的网面上保持平衡并行走的刺激型游乐设施。设施的安全规定上明文禁止在设施上奔跑；所有游客进入步行网前也须接受安全简报，工作人员也会重申不能奔跑和喧闹嬉戏的规定。
根据售票规定，家长应时刻陪同并监督使用设施的孩童，确保他们遵守安全规则。“驻守步行网的工作人员在这起不幸事故发生前，曾屡次提醒这组人不要奔跑。我们始终关心受伤孩童的情况，并已就此事与其家人取得联系。”
事故发生后，新加坡建设局（BCA）对步行网进行了额外审查，并再次确认设施符合所有监管要求。
BCA发言人受询时说，步行网被归类为游乐网（play net），并受《游乐设施安全法令》监管。这项法令要求运营方按照设计者或制造商所规定的程序来运营相关设施。
“BCA在事故发生后展开调查，确认步行网符合监管要求。这名孩童在网面上奔跑时失去平衡，导致他撞到木栈道。”
当局呼吁游客遵守现场张贴的安全指示与相关规定，并妥善看管儿童，以确保游玩过程安全愉快。",,
zaobao,30岁马国男子涉走私香烟被逮捕,https://www.zaobao.com.sg/realtime/singapore/story20260106-8057487,,"一名30岁马来西亚籍男子涉嫌走私150条漏税香烟入境新加坡，在大士关卡被逮捕。
新加坡移民与关卡局在脸书贴文说，2025年12月1日，移民局人员在大士关卡对一辆马来西亚注册的罗厘进行进一步搜查时，在驾驶室内发现150条漏税香烟。
驾驶罗厘的30岁马来西亚籍男子随后被捕，案件交由新加坡关税局进一步调查。",,
zaobao,王瑞杰：人工智能 量子计算与跨学科研究将重塑未来科学,https://www.zaobao.com.sg/realtime/singapore/story20260106-8057583,,"新兴科技如人工智能兴起，会从根本上改变科学研究与创新的方式，这些发展将深刻改变我们的生活与经济形态。
国立研究基金会主席 王瑞杰 星期二（1月6日）在2026年全球青年科学家峰会（Global Young Scientists Summit）开幕仪式上致辞时，点出三大可重塑未来科学的关键趋势——分别是人工智能（AI）、量子计算和跨学科研究协作。
他指出，我们正处于人工智能和机器学习能力革命的浪潮中，作为通用技术，人工智能正改变生活和经济；从彼此互动的方式，到所有经济领域，从农业到医疗保健，再到金融和制造业，无一例外。
不过，对于年轻科学家而言，AI时代也意味着新机遇，可让他们拥有精密技术和工具，来解决复杂科学难题。
由于人工智能发展也引发外界对伦理、问责和滥用的担忧，王瑞杰提醒科学家和创新者，须与全球各地的政策制定者合作，以合乎伦理和负责任的方式，开发和应用人工智能系统。
其次是发展迅速的量子计算。王瑞杰指量子技术正处于突破边缘，有望解决曾被视为“无法解”的计算难题，如模拟复杂的生物系统或优化供应链。
第三则是跨学科研究，将变得更加重要。王瑞杰说，人类面临的挑战日益复杂，需要多个领域的专业知识。例如，应对气候变化，需要环境科学、工程学、数据科学和政策分析综合运用。
“在国立研究基金会，我们致力于促进这类跨学科合作。因为我们知道，最大挑战的解决方案，将源自科学与其他知识领域的交汇。”
一年一度的全球青年科学家峰会由国立研究基金会主办。今年迈入第14届的峰会从星期一（5日）起，一连五天在新加坡国立大学举行。
来自57个国家的逾400名年轻科研人员齐聚一堂，这也是峰会自2013年举办以来，参与人数最多的一届。与会者有机会与多名曾经荣获诺贝尔奖、图灵奖（Turing Award）、千禧年科技奖的顶尖科学家交流。
21名出席的国际著名学者中，包括2024年诺贝尔化学奖得主、美国华盛顿大学蛋白质设计研究所所长贝克（David Baker）教授、日本国立情报学研究所量子信息科学全球研究中心所长根本香绘教授，及2024年ACM计算奖得主、瑞士苏黎世联邦理工学院教授霍夫勒（Torsten Hoefler）等。",,
zaobao,文礼巴士转换站外 小货车疑被撞后侧翻,https://www.zaobao.com.sg/realtime/singapore/story20260106-8057861,,"文礼巴士转换站外发生车祸，小货车疑似被撞后侧翻，货车司机清醒下送院。
小红书用户Cargo星期二（1月6日）早上8时12分发布照片，显示一辆黑色本田小货车侧翻在左边车道。一辆非载客的新捷运巴士停在路口中央，巴士的两道车门都开着。多名新捷运工作人员也站在车祸现场周围。
从照片可见，事发地点在文礼巴士转换站出入口外，现场也停着一辆救护车。
新加坡警察部队受询时证实，星期二早上7时40分接到报案，指裕廊西中3路往裕廊西64街的路段发生车祸，涉及一辆巴士和一辆货车。
49岁的男性货车司机在清醒的状态下送院，随后将协助警方调查。
民防部队证实一人被送往国大医院接受治疗。
新捷运发言人陈贵珍答复《联合早报》询问时说，涉及车祸的174号巴士，在交通灯转绿后从巴士转换站驶入路口，却与一辆私人车辆相撞。
“巴士上所有的乘客和车长都安然无恙。不过，对方的驾驶员受了伤，我们希望他早日康复。”",,
zaobao,12月组屋转售量增21.9% 大巴窑五房式私人组屋152万5000元易手,https://www.zaobao.com.sg/realtime/singapore/story20260106-8057958,,"非官方预估数据显示，12月组屋转售交易量环比增加21.9%；大巴窑一个五房式私人组屋单位，以152万5000元易手。
根据房地产网站99.co和新加坡房地产联合交易网（SRX）星期二（1月6日）发布的预估数据，上个月共有2040个组屋单位转售，环比增加21.9%，比去年同期少4.2%。上个月有55%的转售交易量来自非成熟组屋区。
这些交易中，四房式单位占多数，达43.1%，其余依次是五房式（26.1%）、三房式（24.9%）与公寓式组屋（5.9%）。以至少百万元成交的组屋共有145个，占12月组屋转售交易量的7.1%，比11月多25个。其中，大巴窑有25宗，女皇镇20宗，加冷／黄埔18宗。
最高成交价是大巴窑私人组屋The Peak一个五房式单位以152万5000元易手。非成熟区的最高成交价是后港21街一个公寓式组屋单位，卖145万元。
其余的百万组屋交易，则分布在红山、金文泰、碧山、淡滨尼、宏茂桥、中央区、芽笼、实龙岗、兀兰、后港、勿洛、盛港、武吉班让、义顺、白沙、马林百列和武吉知马。
12月整体组屋转售价环比下跌0.6%，成熟组屋区与非成熟组屋区的转售价，分别环比下跌0.6%和0.2%。按房型来看，三房式、四房式、五房式及公寓式组屋的转售价，分别下滑0.3%、0.9%、1.1%和0.6%。
99.co首席数据官哈金（Luqman Hakim）指出，上个月组屋转售价环比下跌0.6%，部分或与年末季节性因素有关，未必反映价格走势出现明确转向。
他指出，继10月转售交易量大幅回落38.4%后，转售市场在随后两个月逐步回升，11月交易量环比增加24.3%，12月再增21.9%。成交量回升的同时，转售价稍微走软，显示买卖双方对价格的预期正逐步靠拢。
哈金说，今年预计将有超过1万3000个组屋单位达到五年最低居住期限（MOP），买卖双方预料会把未来供应情况纳入考量。一些卖家在议价时更为务实，也更愿意以较具弹性的条件完成交易，以免日后可能面对更激烈的竞争。
从买方角度来看，哈金指出，12月转售价回落或为进场提供合适时机。一些买家可能会在选择仍相对充裕、价格较克制时进场，尤其是地段较佳或条件较优的单位。
他认为，整体来看，市场正逐步进入较健康、可持续的调整阶段，2026年市场供需有望趋向稳定。",,
zaobao,爬鹰架夜闯地铁轨道拍视频 17岁少年判缓监18个月,https://www.zaobao.com.sg/realtime/singapore/story20260106-8058144,,"17岁少年爬上尚未拆除的鹰架，夜闯地铁轨道“探险” 拍视频 ，星期二（1月6日）被判18个月缓刑监视，以及完成80小时的社区服务。
由于被告案发时未满18岁，根据儿童与青少年法令，媒体不得报道被告的名字和资料。
这名被告 早前承认 抵触一项快捷交通制度法令（Rapid Transit Systems Act）和一项擅闯罪行。他于星期二早上被判缓刑监视18个月，期间必须在晚上10时至隔天早上6时留在室内，并完成80小时的社区服务。他的父母还须签保5000元，确保被告在缓刑期间行为良好。
控方陈词时指出，被告在地铁运营时间擅闯轨道，潜在危害相当重大。被告停留在轨道期间，有约四至六列地铁列车经过，他的行为不仅危及地铁乘客的安全，也危及自身安全。
此外，被告花了两个月策划行动。擅闯期间，被告还采取多项措施避免行径被发现，包括等待工人离开后才动身、用上衣罩住面部、俯身前进、检查闭路电视位置，以及卧倒在轨道旁躲避视线等。被告的行为显示出对自身安全及乘客安全的公然漠视。
法官下判时告诫被告，指他的行为是非常严重的罪行，但考虑到被告年纪尚轻，决定给予他第二次机会，并让被告的父母上前嘱咐他们要协助被告。
案情显示，2025年1月间，被告发现樟宜路上段有一排尚未拆除、可以通往地铁轨道的鹰架，顿时萌生探险的念头。
2025年3月27日晚上约8时，被告在放学后展开探险计划。他先在鹰架附近等工人离开，然后脱下上衣，用上衣罩脸遮掩身份。他跟着从围栏缝隙钻入，俯身前进，并检查周围是否有电眼。
被告趴在路面，从施工处进口的门与地面的缝隙潜入，沿着楼梯往上爬。在攀爬途中，被告一度因为有两名路人从旁边人行道走过而躲避，后来更趁地铁经过时，在地铁声的掩护下加速往轨道前进。
晚上约8时18分，被告已站上四美站和丹那美拉站之间在东西线地铁轨道。他当时踏上第三轨，沿着轨道行走，在地铁列车接近时便卧倒在轨道旁，用手机拍摄地铁驶过的画面。
地铁离开后，被告又跨到另一侧继续拍照、录像，然后沿着原路离开。他在庭上承认在轨道停留约五至十分钟，期间有四到六列地铁列车驶过。
被告事后把拍摄地铁的视频上传到社交媒体的“限时动态”，而且仅允许“亲密好友”观赏。
6月9日，他又把同一个视频上传到第二个社交媒体；6月10日，他发现视频迅速传开，于是删除了第二个账号，避免身份曝光。
此外，2025年5月16日深夜，被告仅穿内裤攀上组屋屋顶，试图躲避警方追查。警方到场后，他爬下楼潜入一名86岁老妇的住户，从窗户进入卧室并藏在床底下。约半小时后，被告自行向警方投案，老妇直到被警员叫醒才知有人闯入。",,
zaobao,拳打对手致脑震荡 丹戎巴葛联队前球员阿尼克判缓监15个月,https://www.zaobao.com.sg/realtime/singapore/story20260106-8058381,,"本地足球队丹戎巴葛联队前球员阿尼克·里兹钦在青少年联赛中 拳打新潟阿比雷斯两名球员 ，导致一人脑震荡，星期二（1月6日）被判15个月缓刑监视。
20岁的阿尼克·里兹钦（Aniq Rizqin）早前 承认一项蓄意伤人的罪行 ，他于星期二早上被判缓刑监视15个月，晚上10时至隔天早上6时须留在室内，并完成70个小时的社区服务。他的父母也须签保5000元，确保他在缓刑期间行为良好。
法官下判时说，希望被告能从这次事件中吸取教训，变得更好，不要轻易动怒，并在缓刑监视期间有良好的表现。
这起事件发生于2025年2月10日，在裕廊东体育场举行的21岁及以下（U21）联赛。
当时，丹戎巴葛联队（Tanjong Pagar United）以3比2打败新潟阿比雷斯（Albirex Niigata）后，丹戎巴葛联队球员阿尼克在赛后握手时，突然朝对方一球员脸上打了一拳，过后又冲入场内，一记重拳击倒对方另一球员。
比赛到下半场时，丹戎巴葛联队领先，两队球员开始互相推搡和挑衅。第一个受害人（18岁）在角球尝试射门，但被丹戎巴葛队的凯西·塞登（Casey Seddon）挡下，他感到沮丧，向凯西喊了句“开不开心”（happy or not），还对他爆粗口。阿尼克听到后向裁判报告，裁判介入，双方随后继续比赛。
丹戎巴葛联队最终获胜。双方完赛握手时，第一受害人与阿尼克握手，阿尼克说了句“开不开心”（happy or not），随即打了对方一拳，导致他牙口疼痛并轻微出血。
阿比雷斯球员肯吉·奥斯丁·何（Ho Matsuoka Evangelista Kenji Austin，21岁）见状，上前推开阿尼克，两队球员和教练也尝试将两人挡开。阿尼克被带离球场，但在混乱稍平息后又跑回球场，在奥斯丁左脸上打了一拳，使他失去意识，后仰倒在球场上。阿尼克的队友试图将他拉开，但他仍试图再冲向奥斯丁。
奥斯丁过后恢复意识，但左下颌肿麻，被送往黄廷方综合医院。医疗报告指出，奥斯丁因脑震荡需接受治疗，并出现恐慌，过后被诊断为轻度创伤后应激障碍和恐慌症。
根据当时的后续报道，丹戎巴葛联队在社交媒体发文说，球队同U21队经理、教练和球员见面就此事件进行了检讨，经过慎重考虑，决定立刻 与阿尼克解约 。
新加坡足球总会在3月5日通过新加坡超级联赛社交媒体发文说，足总纪律委员会裁定，阿尼克2月10日在一场U21联赛中犯下的两项暴力行为罪名成立。他也因此 被禁止参加所有足总旗下的赛事和比赛30个月，并且罚款2000元 。",,
zaobao,去年骨痛热症病例同比锐减七成,https://www.zaobao.com.sg/realtime/singapore/story20260106-8059031,,"本地去年全年通报的 骨痛热症 病例共有4021起，比前年锐减七成，是2018年以来最低水平。
国家环境局星期二（1月6日）在官网发布的数据显示，去年12月28日至今年1月3日的过去一周里，本地新增38起骨痛热症病例，比前一周的32起，增加六起。
目前有四个仍活跃的骨痛热症病例群，其中一个是病例达到10起或以上的红色警戒区，位于旧蔡厝港路，共有29起病例。
我国目前没有兹卡（Zika）和基孔肯雅症（Chikungunya）病例群。
由于我国人口对骨痛热症四个血清型的免疫力仍然较低，环境局提醒公众持续保持警惕，以防病例数回升。
为了确保居住环境不会成为孑孓的温床，公众应做好灭蚊工作，以阻断骨痛热症的传播。环境局建议采取五个步骤，即铲松干硬的土壤、清除花盆底盘的积水、把所有水桶和容器倒置以确保不积水、定期更换花瓶里的水，以及保持住屋排水沟畅通，并在里头放灭蚊药。
为降低骨痛热症的传播率，环境局自2016年推行“伊蚊绝育计划”，以控制蚊子数量并扩大覆盖范围，降低居民感染骨痛热症的风险。",,
zaobao,马国羽球公开赛 骆建佑郑加恒无缘新赛季开门红,https://www.zaobao.com.sg/realtime/singapore/story20260106-8059440,,"我国羽毛球头号男单 骆建佑 在星期二（1月6日）进行的马来西亚公开赛（超级1000赛）上以13比21、21比14、18比21不敌上届亚军、来自丹麦的好手安东森，无缘闯入16强。
另一位出战的新加坡男单羽将郑加恒则在稍早进行的比赛中以16比21、21比15、14比21不敌印度好手叻斯亚·森，也没能顺利晋级。
马国公开赛是2026年世界羽联世界巡回赛的揭幕战，也是世界羽联巡回赛全年四个超级1000赛事之一，另外三个分别是全英、中国和印度尼西亚公开赛。我国头号女单杨佳敏则继续因伤避战。",,
zaobao,为零用钱与开冷气两度持刀吓父 少年判入改造所,https://www.zaobao.com.sg/realtime/singapore/story20260106-8059510,,"17岁少年因零用钱和开冷气时长与父吵架，一言不合竟拿刀恐吓，也曾为赚150元拿假身份证去电信公司签配套，星期一（1月5日）被判进入青年改造所至少一年。
被告因未满18岁，根据儿童与青少年法令，媒体不得报道可泄露被告身份的资料，包括姓名。
被告面对12项控状，包括恐吓、蓄意伤人、持有危险武器、欺骗等，他早前承认其中四项，余项交由法官下判时纳入考量。
调查揭露，2024年7月14日傍晚5时到5时39分之间，被告因该拿多少零用钱和父亲起争执。两人越吵越凶，被告突然回房拿出一把爪刀（karambit knife），冲向父亲（51岁）并指着对方。
被告的父亲虽然成功避开爪刀，但被告却朝他的脸挥了数拳。
去年3月8日，被告和父亲又因开冷气时长的问题吵了起来，被告再次走回房间拿出一把刀刃23公分长的刀，走回父亲的房间，握着刀站在靠近父亲的地方，一言不发。
被告也在去年10月25日，因向舅舅索30元不果，把爪刀架在舅舅的脖子上，恐吓要杀了他。",,
zaobao,蔡其乐受委为我国驻摩洛哥非常驻大使,https://www.zaobao.com.sg/realtime/singapore/story20260106-8059985,,"祥峰控股（Vertex Holdings）总裁蔡其乐受委为我国驻摩洛哥非常驻大使。
外交部星期二（1月6日）发文告宣布这项消息。蔡其乐也是我国驻巴拿马非常驻大使。
蔡其乐1984年毕业自美国威斯康星大学，获得机械工程学士学位，并于1987年在斯坦福大学取得工程硕士学位。他现为南洋理工大学的数码分子分析与科学研究中心理事会主席，以及吉宝科技咨询委员会（ Keppel Technology Advisory Panel）主席。
祥峰控股是淡马锡独资子公司。",,
zaobao,23岁女子拥电子烟未接受改造 被判坐牢一周,https://www.zaobao.com.sg/realtime/singapore/story20260106-8060844,,"23岁女子因拥有 电子烟 和“ 丧尸烟弹 ”被当局发现后，却没有接受改造，被法庭判处坐牢一个星期。这是首次有电子烟触犯者未按指令接受改造而被提控。
卫生科学局 星期二（1月6日）发文告说，被告唐玉玲（23岁，人名译音）在2025年9月2日被发现持有电子烟和烟弹，经检测后确认烟弹含有 依托咪酯 。根据控状，这名新加坡籍女子是在9月2日晚上11时50分左右，在登加通道第228B座组屋七楼的一个单位被发现持有电子烟和烟弹。
根据卫科局文告，她当时得以罚款销案，并得接受改造计划，作为取代被提控的惩罚。然而，她在2025年9月24日改造计划开始首日却没出现。尽管卫科局多次发出提醒，她仍未参加改造计划，当局因此决定，就她持有依托咪酯的行为提控她。
当局指出，最初会为电子烟违例者提供改造计划，让他们有机会在专人的协助下戒瘾，违例者必须出席改造活动。
凡是未参加或完成改造计划的违例者都将被控上法庭。这类违例者将面对最高1万元的罚款，或监禁最长两年，或两者兼施。
据《海峡时报》报道，唐玉玲是在住家被发现持有电子烟。她在庭上指，自己因生病没出席改造计划。但她并没有通知有关当局。
我国2025年9月1日起，已 将药用麻醉剂“依托咪酯”列为C级毒品 。
拥有、使用和购买电子烟者，初犯者未满18岁罚款500元，成年人罚款700元，第二次犯罪须接受三个月改造计划；再犯可被控并罚款最高2000元。
滥用依托咪酯者，初犯除了面临同样罚款，还须接受最长六个月的改造计划；第二次犯罪将被捕，强制监督六个月。满16岁的重犯者，犯罪三次或以上将送入戒毒所，获释后须接受长达12个月的毒品检测和监督。
电子烟进口者可面对3年至20年的监禁，以及5下至15下的鞭刑；售卖和分销者则可面对2年至10年的监禁，以及2下至5下的鞭刑。",,
zaobao,尾随旅客闯大士关卡 马国男企图非法入境监四周,https://www.zaobao.com.sg/realtime/singapore/story20260106-8060894,,"一名马来西亚籍男子在大士关卡的巴士大厅自动通关通道尾随旅客，企图非法入境我国，被判监禁四周。
被告是42岁的尤斯曼（译音），他星期二（1月6日）承认一项抵触移民法令的控状。
移民与关卡局发文告说，2025年12月22日中午约12时，被告在大士关卡巴士大厅的其中一条自动通关通道，尾随一名正在办理通关手续的旅客，他紧跟在对方身后，试图在不出示护照的情况下通关入境。
移民局的自动通关系统侦测到被告的行为，随即向驻守在通道的移民局人员发出警示。被告及被尾随的旅客都被拦下。
当局经过询问和调查后，确认被告与这名旅客互不相识。被告也未持有任何旅行证件，移民局人员过后逮捕他。
移民局指出，此案显示当局在保障新加坡边境安全方面取得成效，同时也体现自动通关系统不仅提供便利快捷的通关体验，还能侦测异常行为，如尾随通关，并即时向执勤人员发出警示，以迅速介入，防止非法出入境。
移民局强调，所有进出新加坡的人士，均须向移民局人员出示有效通行证件。移民局强调，当局严正看待企图非法进入或离开新加坡者，并会毫不犹豫地将涉案者绳之以法。根据移民法令，非法入境者可面对最长六个月监禁，以及至少三下鞭刑；非法出境者可被判罚款最高2000元，最长六个月监禁，或两者兼施。涉案车辆也会被充公。",,
zaobao,铝箔纸藏209包漏税烟 36岁中国籍男子被捕,https://www.zaobao.com.sg/realtime/singapore/story20260106-8061108,,"36岁中国籍男子入境时将209包漏税烟用铝箔纸包裹，企图瞒天过海，但终被识破，在樟宜机场被捕。
移民与关卡局星期二（1月6日）在脸书发文说，执法人员去年12月27日在樟宜机场扫描一件行李时发现影像显示异常，随即进一步检查行李，发现里面装有用铝箔纸包裹的209包漏税香烟。
移民局说，一名36岁的中国籍男子被捕，他和相关物证都已移交新加坡关税局作进一步调查。",,
zaobao,新受委官委议员哈雷什：目前并非任何政党党员,https://www.zaobao.com.sg/realtime/singapore/story20260106-8061564,,"针对曾穿别上人民行动党党徽的上衣，受委为新一届官委议员的哈雷什·辛加拉朱澄清，他目前并非任何政党的党员。
国立大学综合诊疗所家庭科医生哈雷什（Haresh Singaraju，35岁）是九名新受委的官委议员之一，他受委后因一张社媒上的照片而引发舆论关注。照片中的他身穿别上行动党党徽，并有Tampines （淡滨尼）字样的有领T恤。
他星期一（1月5日）回复《南华早报》（South China Morning Post）询问时说，他过去是行动党党员，这张照片摄于2023年的人民协会活动。
哈雷什星期二（6日）通过社交媒体Instagram说，社媒帖子的照片促使许多人询问他的党籍。他澄清，照片其实是在他担任义工期间拍摄的，他早前回应媒体询问时误称照片摄于人民协会活动。他也说自己目前不是任何政党的党员。
他说：“作为清理Instagram账户的一部分，我已将这张照片归档（archived），以便在账户公开后保护照片中其他人的身份。”
官委议员制度旨在确保国会能广泛代表各方不同的意见，但宪法并没有规定官委议员不能是任何政党的党员。",,
zaobao,å®é¾å²è·¯ä¸æ®µä¸å·´å£«éå»é¤ ç¼è§£åéåºäº¤éæ¥å µæåµ,https://www.zaobao.com.sg/realtime/singapore/story20260106-8062203,,"å åéå±æ°åæ ç¢§é»ä¸½å­ééçäº¤éé®é¢ï¼éè·¯äº¤éç®¡çå±æ£è®¨åå»é¤ä¸æ¡å·´å£«éï¼ç¼è§£æ©ä¸é«å³°æ¶æ®µçäº¤éã
æ³¢ä¸å·´è¥¿åºè®®åæ¨éæææäºï¼1æ6æ¥ï¼æä¸åè´´æè¯´ï¼è®¸å¤å±æ°åå¬è·¯ä½¿ç¨èåæ ï¼é¾ä»¥ä»ç¢§é»ä¸½å­ééï¼Bidadari Park Driveï¼é©¶å¥å®é¾å²è·¯ä¸æ®µï¼å°¤å¶å¨æ©ä¸é«å³°æ¶æ®µãç»æ£è®¨åï¼éäº¤å±èª1æ3æ¥å·²å»é¤å®é¾å²è·¯ä¸æ®µï¼å¨ç¢§é»ä¸½å­ééï¼Bidadari Park Driveï¼åè¿æ¶éï¼Wan Tho Avenueï¼ä¹é´çå·´å£«éã
ä»è¯´ï¼è¿ä¸ªå³å®æ¯ç»è¿æ·±æçèåååºçï¼å ä¸ºè¿ä¹éè¦èèå¯è½å¯¹å¬å±å·´å£«æå¡çå½±åãä»æéé©¾è½¦äººå£«æ³¨æä»¥ä¸è°æ´ãä»ä»¬å°ç»§ç»­å¯åè§å¯é»éçäº¤éæµéï¼å¹¶ä¸éäº¤å±åä½ï¼æ¢è®¨å¶ä»è°æ´æªæ½ï¼ç¼è§£é»éçäº¤éæ¥å µæåµã",,
zaobao,实里达北连路四车相撞 男子涉非法占有财物等罪被捕,https://www.zaobao.com.sg/realtime/singapore/story20260107-8062338,,"实里达北连路发生一起四车连环撞事故，一名驾驶汽车的27岁男子因涉鲁莽行为和非法占有财物被捕，警方也在现场起获一支电子烟。
这起事故发生在星期二（1月6日）早上约8时10分，地点是实里达北连路14号的路段。《联合早报》接获读者通报，指上述地点发生一起连环车祸。
根据网上流传的照片，事故发生在一处工地附近，一辆黑色汽车疑似与两辆水泥搅拌车和卡车相撞，汽车直接停在水泥搅拌车和卡车的中间，车尾贴住卡车，被撞得扭曲变形。
新加坡警察部队回复《联合早报》询问时证实，车祸涉及一辆汽车、一辆卡车和两辆水泥搅拌车。
警方发言人说，驾驶汽车的27岁男子在清醒状态下送医，他随后因涉嫌与机械相关的鲁莽或疏忽行为，以及非法占有财物被捕。警方也在现场起获一支电子烟，相关罪行已移交卫生科学局跟进调查。",,
zaobao,Grab与新科工程在丹戎禺测试无人机送餐,https://www.zaobao.com.sg/realtime/singapore/story20260107-8063679,,"送餐平台Grab在丹戎禺展开为期三个月的无人机送餐内部测试，以评估无人机技术在实际城市环境中的可行性。
Grab星期一（1月6日）在官网宣布，与新科工程（ST Engineering）旗下的无人机系统（Unmanned Air Systems）部门，从1月6日至4月12日展开无人机送餐试点。
相关运作将先进行内部测试，待流程与技术验证完成后，再作为受控试点开放给丹戎禺一带的消费者。
Grab指出，丹戎禺（Tanjong Rhu）一带因加冷河将住宅区与主要餐饮集中区分隔，送餐员得绕行桥梁，增加配送时间与复杂度，无人机可在部分路段发挥作用。
在试点模式下，送餐员仍负责首尾两端的配送；会先将餐点送至共和国道（Republic Avenue）的无人机起降点，由工作人员装载后，无人机沿着当局允许的航线飞越加冷河，抵达丹戎禺的指定降落点，再由另一名送餐员完成最后一里路配送。
Grab指出，无人机只负责跨河的路段，整体流程仍以人力配送为核心。
无人机送餐试点将于每星期二至星期日早上10时至傍晚6时运作，每天最多进行28趟配送，每趟来回飞行时间约八分钟。遇到恶劣天气或公共假期服务将暂停。
针对社区关注的噪音与隐私问题，Grab表明，无人机运作时的噪音水平与一般对话相若，加上航线大多在水面上空飞行，对住宅区的影响有限。此外，无人机仅配备实时导航所需的摄像头，不会储存任何影像资料。
试点期间，服务对象仅限丹戎禺一带的消费者，参与商家则来自武吉士、甘榜格南（Kampong Glam）及新达城，以便在受控环境下测试无人机在日常配送中的实际可行性。
去年6月，Grab曾在菲律宾展开无人机送餐试点，采用类似的混合配送模式，即由送餐员负责餐点的取餐与送达，无人机则承担两者之间的中段运输。
Grab近年来持续进军自动化与人工智能配送领域。公司星期二（6日）宣布， 已收购中国初创公司推行科技（Infermove） ，以发展人工智能送货机器人业务。
Grab在声明中指出，这项收购旨在提升公司在头尾一里路物流配送的自动化能力，强化外送与即时配送业务的技术基础。",,
zaobao,O水准会考成绩1月14日放榜,https://www.zaobao.com.sg/realtime/singapore/story20260107-8063746,,"剑桥O水准会考成绩下星期三（1月14日）放榜，考生可从下午2时起回校领取成绩单。
教育部和新加坡考试与评鉴局星期三（7日）发文告，公布2025年O水准会考放榜安排。具体的领取方式，将由各自学校另行通知。
无法亲自回校领取成绩的考生，可委托代理人代领实体成绩单，代理人须出示相关文件供校方核实。
私人考生方面，符合条件者可从1月14日下午2时45分起，通过Singpass账号登入考评局的考生平台查看成绩，查询期限至1月28日晚上11时。
不符合Singpass使用资格的私人考生，则可使用报考时创建的账户登入平台查询成绩。
考生可凭O水准成绩，通过联合招生计划（Joint Admissions Exercise，简称JAE）报读初级学院、励仁高中、理工学院或工艺教育学院。
JAE的录取结果将于2月3日公布。获分配至初级学院或励仁高中的学生，须在2月4日到学校报到。",,
zaobao,租车公司车子被收回影响生计 劳资政助司机尽快复工,https://www.zaobao.com.sg/realtime/singapore/story20260107-8063792,,"本地多名私召车司机因租车公司Autobahn Rent A Car的汽车被债权人收回，突然没车可开，收入中断。劳资政三方合作推出应急措施，协助受影响司机尽快复工。
隶属全国职工总会的全国私人出租车司机协会（NPHVA）和全国德士师傅协会（NTA），已与陆路交通管理局，以及平台营运商——康福德高、Grab和SMRT旗下的腾越宝威（Strides Premier）合作，为受影响的司机提供多项租车与支援方案，从而保障他们的生计。
例如，康福德高推出免押金、零首付租车，并提供私召车与德士的灵活租赁选择；符合条件者可加入公司的“司机雇员计划”（Driver Employee Scheme），并获额外平台奖励。
Grab则通过旗下私召车租赁公司GrabRentals，提供免押金车子、高达1000元的完成接单奖励，以及额外平台补贴，同时提供一对一咨询与加速配车安排。
腾越宝威也推出免押金方案，首三天免租，日租从75元起。
职总助理秘书长杨涴淩在劳资政三方联合文告中指出，车子是司机赖以维生的工具，有关各方已迅速协调，协助司机尽快复工。她说，全国私人出租车司机协会和全国德士师傅协会，将继续与陆交局和各平台营运商合作，保障司机生计。杨涴淩也是这两个协会的顾问。
受影响的职总会员如对与Autobahn的合约有疑问，可电邮lawworks@ntuc.org.sg，或nphva@ntuc.org.sg，向NTUC寻求法律咨询。
另一方面，陆交局也收到消息指出，一些Autobahn车子的保险未续保，或已被取消。当局已通知Autobahn，作为车主须确保车队具备有效保险，若保险中断，须通知承租人并确保车子不上路。
除了保险，车子也必须缴清路税。根据相关法令，驾驶没有保险或没有路税的车子上路，均属违法。
自共享汽车公司BlueSG去年8月宣布裁员并暂停营业后，本地共享与租车领域频传不利消息。
TotalEnergies公司去年11月宣布退出本地电动车充电站业务后不久，就爆出Autobahn等18家关联公司，包括共享汽车公司Shariot，向法院申请破产保护。
这些公司合计欠债约3亿零420万元，数额高于早前流传的约1亿8000万元，其中大部分债务来自Autobahn。",,
zaobao,涉肠胃炎事件学前中心中央厨房 获食品局批准恢复运营,https://www.zaobao.com.sg/realtime/singapore/story20260107-8064238,,"一家早前发生食物中毒事件的私立学前教育机构中央厨房，已落实新加坡食品局规定的相关整顿和改进措施，星期二（1月6日）获准恢复运营。
停业令获解除的是伊顿国际教育集团（EtonHouse Group）旗下，位于淡滨尼92街2号的米德尔顿国际学校（Middleton International School Pte Ltd）中央厨房。
2025年11月19日至12月10日，传染病管理局和食品局接到通报，共有263人食用上述中央厨房向伊桥幼儿园（E-Bridge Pre-school）供应的食物后出现肠胃炎症状，其中四人须住院治疗。他们已全部出院。
为了防止公共卫生风险扩大，食品局11月21日向这个中央厨房发出停业令。
食品局星期三（7日）发文告说，米德尔顿在暂停营业期间，遵照当局指示，对厨房、设备及用具进行全面清洗与消毒，并安排处理食物的员工重新上课，并通过第一级食品安全课程。负责食品卫生的人员也重新参加培训，获得餐饮卫生审核技能资格（WSQ）。
文告说，停业令虽已解除，食品局仍会继续密切监督，确保米德尔顿中央厨房遵守食品安全要求。
食品局也将研究集体肠胃炎事件的调查结果，如果发现经营者违反环境公共卫生（食品卫生）条例，将采取执法行动。违例者可面对最高2000元罚款；如果持续违规，可被处以每天不超过100元的罚款。
当局强调：“食品安全是共同责任，食品局提醒经营者，无论任何时候，都要遵守良好的食品与个人卫生规定。”
食品局也呼吁公众，如果发现餐饮场所卫生状况不佳，应避免光顾，并通过 www.sfa.gov.sg/feedback 举报和提供相关详情，以便跟进调查。
公众也应时刻保持良好的个人卫生习惯，比如在餐前和如厕后，用肥皂和清水洗手；咳嗽或打喷嚏时用纸巾遮掩口鼻，并立即将纸巾丢弃；以及不与他人共用食物、餐具、牙刷或毛巾。",,
zaobao,剪脐带误剪婴儿手指 江苏盱眙一助产士停职,https://www.zaobao.com.sg/realtime/china/story20260106-8059439,,"江苏盱眙县一助产士在进行剖宫产分娩手术时，剪脐带时，误将新生儿左手中指剪断。盱眙县官方表示，患儿已出院，处于康复阶段，当事助产士已停职。
综合大象新闻和江苏新闻广播等报道，盛姓网民表示，妻子于2025年12月25日上午9时30分左右在江苏盱眙县人民医院做剖宫产手术。当天12时左右，有医生跟盛先生说剪脐带时，助产士用脐带剪不小心把孩子的手指剪断了。助产士称发生这样的事，是因为当时孩子的手突然乱动。
盛先生表示不解：“这么大的医院，生孩子剪脐带都能剪到手指，怎么会犯这么低级的错误？”
新生儿后紧急送往无锡市第九人民医院接受左中指断指再植术，后在无锡儿童医院观察了一段时间，目前已回到盱眙县人民医院。盛父称新生儿因断指处有钢针，“时常哭闹，十分遭罪。”
此事引发网民热议，不少人指责“医院是草台班子”。盱眙县卫生健康委员会星期一（1月5日）晚发布情况通报称，12月31日，患儿已出院，现处于康复阶段。目前，当事助产士已停职。
通报称，县人民医院多次向患儿家属诚恳致歉，将全力负责患儿治疗和康复。此次事件，暴露出县人民医院在医疗安全管理流程上存在漏洞。将对此事件所有相关人员严肃追责，并深刻汲取教训，在全县全面开展医疗安全专项整治，提升医疗服务质量。",,
zaobao,赖清德见欧议会代表团：已准备好和欧洲打造民主供应链,https://www.zaobao.com.sg/realtime/china/story20260106-8059615,,"台湾总统赖清德接见到访的欧洲议会代表团时表示，台湾已经准备好与欧洲议会及议员们携手，将双方的交流转化为打造“民主供应链”的具体行动，为全球经济注入更强大的韧性。
欧洲议会议员团一行10人于上个星期天（1月4日）至星期五（9日）访问台湾。访团由欧洲议会友台小组主席凯勒（Michael Gahler）担任团长，成员包括德国、法国、罗马尼亚、捷克、波兰、比利时等欧洲议会议员。
据台湾联合新闻网，赖清德星期二（1月6日）接见代表团时表示，面对中国大陆威权主义长期的军事威胁等复合式挑战，除了再次印证“和平靠实力”的铁律，更重要的是民主国家唯有团结合作，才能抵抗威权主义对外扩张。
报道称，凯勒强烈谴责北京上周的军演，强调访团支持维持台海和平现状。
赖清德感谢欧洲议会多年来通过多项友台决议，持续关切台海和平稳定、坚定支持台湾国际参与，以行动向国际社会传达了“徳不孤，必有邻”的明确讯息。
赖清德说，面对中国大陆威权主义长期的军事威胁、灰色地带侵扰及外交经济胁迫等复合式的挑战，台湾有非常深刻的体认。除了再次印证“和平靠实力”的铁律，更重要的是民主国家唯有团结合作，才能抵抗威权主义对外扩张，捍卫自由民主价值，守护以规则为基础的国际秩序。
赖清德强调，台海的和平稳定不只攸关印太安全，更是欧洲安全、乃至于全球经济繁荣的重要关键。他说，台湾有能力、有意愿、更有决心成为欧洲最值得信赖的伙伴，特别是在半导体与高科技产业上，为全球民主供应链的韧性做出更多贡献，携手共创区域及全球的稳定与繁荣。
他说，台湾已经准备好与欧洲议会及议员们携手，将双方的交流转化为打造“民主供应链”的具体行动，为全球经济注入更强大的韧性。",,
zaobao,投行预计香港今年楼价升10%,https://www.zaobao.com.sg/realtime/china/story20260106-8059883,,"国际投行摩根士丹利称，香港楼市已进入上行周期，预计2026年住宅价格将上涨10%，但写字楼和零售租金继续下跌。
香港《信报》引述摩根士丹利报告，香港住宅价格自2018年以来已累跌30%，2025年见底回升5%，并展开上行周期，预期今年楼价再升10%，料2027年进一步上扬。
报告指出，美国联储局于过去18个月累计减息175点，令买楼回报转正，来自中国大陆的移民数量大增，令香港人口恢复正增长，强劲的股市表现也有助改善市场情绪，加上政府全面撤销楼市辣招，令楼市需求改善，交投转趋活跃。
写字楼方面，受惠新股市场转趋活跃，股市成交畅旺，中环写字楼在追求质量的趋势下，终端用户需求持续回升，预期2026年中环写字楼租金上升3%。整体写字楼方面，基本面虽有改善迹象，出租率趋稳，租金仍要下跌3%，但下跌速度放缓。
零售销售方面，由于大陆旅客访港数目增加，预计今年香港零售销售升3%，但忧虑市场会受到网上零售销售及深圳廉价服务及产品的冲击，北上消费也是关注点，即使有美元走弱及股市带来的正面效应，也无助于刺激消费，预期今年零售租金仍跌3%。
大摩将香港房地产评级上调至“吸引”。",,
zaobao,下午察：韩国四大财阀掌门人随总统访华,https://www.zaobao.com.sg/realtime/china/story20260106-8060214,,"韩国总统李在明高调访华，一个细节引起外界高度关注：多名韩国重量级企业掌门人，与李在明同行。
其中，韩国四大财阀掌门人最受瞩目。他们分别是三星电子会长李在镕、SK集团会长崔泰源、现代汽车集团会长郑义宣，以及LG集团会长具光谟。
韩国经济长期由几大家族控制的企业集团主导，这些企业不仅掌握庞大资源，巨大的影响力也渗透韩国的方方面面。这些企业集团在韩国因此被统称为财阀。据《韩国时报》报道，2024年10月公布的数据显示，在2023年，三星、SK、现代汽车和LG四大财阀合计贡献了韩国超过40%的国内生产总值。",,
zaobao,台湾一架F-16战机传出失事 飞行员跳伞,https://www.zaobao.com.sg/realtime/china/story20260106-8061604,,"台湾一架F-16战机在花莲外海失联，飞行员跳伞，搜救正在进行中。
据台湾联合报，空军司令部证实，花莲基地一架F-16单座战机（机号6700），星期二（1月6日）下午18点17分由飞行官辛姓上尉驾机起飞执行例行性训练任务，19点29分于花莲县丰滨乡东面10海浬疑似跳伞，空军随即成立应变中心，展开搜寻宝救行动。
失事战机飞行员为辛柏毅上尉，今晚执行二机领队训练的航路训练，目前台湾行政院搜救指挥中心已经派遣松山基地夜间搜救待命的海鸥直升机，以及屏东C-130运输机前往搜救。",,
zaobao,镍价飙升逾9% 中国投资者买盘推动金属价格普遍上扬,https://www.zaobao.com.sg/realtime/china/story20260107-8062807,,"伦敦市场镍价飙升超过9%，创下三年多来最大涨幅，中国投资者的买盘兴趣激增推动金属市场全面上涨。
据彭博社报道，这种用于电池和不锈钢的金属在伦敦金属交易所（LME）一度升至每吨1万8545美元（约23751新元），延续过去两周上涨逾20%的强劲涨势。
尽管镍市场供应严重过剩，但最大供应国印度尼西亚的生产风险上升，加之中国国内金属市场出现资金广泛涌入，共同支撑了市场情绪。
交易动态表明，本周中国投资者在推动包括镍、铜和锡在内的金属价格大幅走高方面影响显著：金属价格在LME亚洲时段大涨并伴随着高成交量，并在上海期货交易所夜盘开盘后再度走强。",,
zaobao,中国国家外汇管理局：有序扩大跨境贸易高水平开放试点,https://www.zaobao.com.sg/realtime/china/story20260107-8062813,,"中国国家外汇管理局称，将深化外汇便利化改革、稳步扩大外汇领域高水平制度型开放。
据新华社报道，记者星期二（1月6日）从外汇管理局获悉，1月5日至6日在北京召开的2026年全国外汇管理工作会议确定了今年外汇管理领域的工作重点。
近年来，深化外汇便利化改革一直都是外汇管理工作的改革重点。2026年，外汇管理部门将继续优化贸易外汇业务管理，有序扩大跨境贸易高水平开放试点，加大力度支持跨境电商等贸易新业态发展，完善企业贸易信贷报告管理等；继续做好金融“五篇大文章”，拓展跨境金融服务平台应用场景。
同时，为了更好助力实体企业应对汇率风险，国家外汇局还将进一步完善企业汇率风险管理服务，支持金融机构开发简单好用的汇率避险产品，降低中小微企业汇率避险成本，提升外汇市场基础设施服务水平。
银行外汇展业改革是国家外汇局于2024年12月推出的一项重点改革内容，旨在通过银行外汇业务流程再造，让实体企业切实享受跨境贸易和投融资便利化改革的政策红利。截至2025年底，参与这项改革的银行已经达到30家，覆盖范围已逐步扩展到全国。
外汇管理部门在2026年将指导已改革的银行向全国范围的分支行扩围，稳步推动更多银行启动改革，推动展业改革与便利化政策融合，为企业提供外汇业务集成式便利服务。
国家外汇局还明确在2026年将出台境外放款、国内外汇贷款资金管理等政策，在全国实施跨国公司本外币跨境资金集中运营管理政策。加强自贸试验区外汇政策集成式改革创新，支持上海、香港国际金融中心建设，支持海南自贸港、粤港澳大湾区建设。
此外，本次工作会议强调要坚持底线思维，筑牢外汇市场“防波堤”“防浪堤”；进一步巩固和强化外汇监管，提升开放监管能力和水平；全力维护外汇储备资产安全、流动和保值增值等方面内容。",,
zaobao,中国传研究收紧对日稀土出口许可审查,https://www.zaobao.com.sg/realtime/china/story20260107-8062936,,"中国政府星期二下午宣布，禁止出口一切有助于提升日本军事实力、具有民事和军事两种用途的物项。中国媒体引述消息人士称，中国政府正考虑针对性收紧列管的中重稀土相关物项出口许可审查。
《中国日报》星期二（1月6日）傍晚引述消息人士报道，鉴于日本近期恶劣表现，中国政府正考虑针对性收紧2025年4月4日列管的中重稀土相关物项出口许可审查。
去年4月4日，根据《中国出口管制法》等有关法律法规，中国商务部会同海关总署发布公告，对钐、钆、铽、镝、镥、钪、钇等七类中重稀土相关物项实施出口管制措施，并于发布之日起正式实施。
报道称，商务部新闻发言人何亚东在去年12月4日的例行发布会上曾说，日本首相高市早苗公然发表涉台错误言论，严重破坏了中日关系的政治基础，日本对此负有不可推卸的责任。
何亚东还说，中国已多次阐明严正立场，敦促日本立即纠正错误言行，以实际行动体现对中国承诺，为两国正常经贸合作创造条件。如果日本一意孤行，中国将采取必要措施，一切后果由日本承担。
《中国日报》引述日本野村综合研究所的评估显示，用于电动汽车驱动电机钕磁体的镝、铽等重稀土几乎100%依赖中国供应，一旦受限，日本经济将面临较大冲击。
中国政府星期二下午宣布，为维护国家安全和利益、履行防扩散等国际义务，从即日起，禁止出口一切有助于提升日本军事实力、具有民事和军事两种用途的物项。
两用物项是指具有民事和军事双重用途的商品、软件或技术，包括制造无人机和晶片所需的某些稀土元素。路透社指出，中国在一次外交争端中，曾限制对日出口稀土。最新数据显示，中国去年11月对日出口稀土同比增长了35%至305吨，为2025年的最高纪录。
中国加强管制对日本出口两用物项，是基于什么样的考虑？中国商务部新闻发言人星期二以答记者问的形式指出：“日本领导人近期公然发表涉台错误言论，暗示武力介入台海可能性，粗暴干涉中国内政，严重违背一个中国原则，性质和影响极其恶劣。”
日本政府未立即对此作出回应。中日关系因高市早苗发表“台湾有事论”跌入低谷。北京采取了一系列措施，包括在中日人员和文化交流以及军事领域施压，要求高市早苗撤回相关言论。",,
zaobao,王毅吁欧盟对话协商化解分歧,https://www.zaobao.com.sg/realtime/china/story20260107-8062960,,"中国外长王毅星期二（1月6日）表示，中欧关系主基调应是合作，正确定位应是伙伴。他并呼吁欧盟通过对话协商化解分歧，积极考虑加强“一带一路”倡议和欧盟“全球门户”计划的战略对接，重启中欧投资协定批约，积极探讨商签中欧自贸协定。
据中国外交部官网消息，王毅星期二晚应约同芬兰外长瓦尔托宁（Elina Valtonen）通电话。
王毅表示，中国和芬兰双边关系过去一年实现新发展，各领域合作取得新成果，充分体现中芬关系传统友好、互利共赢、面向未来的特点。中芬关系超越社会制度差异，历经国际风云考验，保持稳定发展势头，根本在于双方始终坚持相互尊重，坚持平等互利。
王毅指出，今年是中国“十五五”（2026年至2030年）开局之年，北京将坚持高水平对外开放，愿同芬兰加强发展战略对接，深化能源转型、循环经济、人工智能、绿色环保、银发经济等领域合作，携手维护自由贸易，支持经济全球化，实现共同发展繁荣。
对于中欧关系，王毅表示希望芬兰作为欧盟重要成员国，发挥积极作用，推动欧盟理性客观认识中国，通过对话协商化解分歧，积极考虑加强“一带一路”倡议和欧盟“全球门户”计划的战略对接，重启中欧投资协定批约，积极探讨商签中欧自贸协定。
王毅还阐述北京在台湾问题上的立场，揭露日本现职领导人的倒行逆施，希望芬兰理解中国立场。
中国外交部引述瓦尔托宁表示，芬兰和中国关系长期保持稳定发展，芬兰坚持奉行“一个中国”政策，期待同北京密切高层交往，深化各领域合作。赫尔辛基支持自由贸易，坚持互利互惠，双方在绿色能源、科技创新等方面拥有很多共同利益和广阔合作空间。
瓦尔托宁指出，欧中在气候、能源等领域是重要合作伙伴，保持建设性关系十分重要，芬兰愿为此发挥积极作用。
另一方面，两国外长通话中还就乌克兰危机的现状和前景交换了意见。",,
zaobao,日本抗议中国对军民两用物项实施新出口管制,https://www.zaobao.com.sg/realtime/china/story20260107-8062979,,"东京方面抗议中国宣布对运往日本、可能具有军事用途的物品实施出口管制，这是围绕台湾问题的争端中，中日最新一次外交紧张局势升级。
彭博社引述据日本外交部消息，在中国星期二（1月6日）宣布相关措施数小时后，日本外交部亚洲大洋洲局长金井正彰向中国驻日本大使馆公使施泳提出抗议，并要求中国撤回这些措施。
日本外交部发布的声明称，金井正彰告诉施泳，这些措施“绝对不可接受，令人深感遗憾”，并且严重偏离国际惯例。
中国政府星期二下午宣布，为维护国家安全和利益、履行防扩散等国际义务，从即日起，禁止出口一切有助于提升日本军事实力、具有民事和军事两种用途的物项。
两用物项是指具有民事和军事双重用途的商品、软件或技术，包括制造无人机和晶片所需的某些稀土元素。路透社指出，中国在一次外交争端中，曾限制对日出口稀土。最新数据显示，中国去年11月对日出口稀土同比增长了35%至305吨，为2025年的最高纪录。
中国加强管制对日本出口两用物项，是基于什么样的考虑？中国商务部新闻发言人星期二以答记者问的形式指出：“日本领导人近期公然发表涉台错误言论，暗示武力介入台海可能性，粗暴干涉中国内政，严重违背一个中国原则，性质和影响极其恶劣。”
随后，《中国日报》星期二傍晚引述消息人士报道，鉴于日本近期恶劣表现，中国政府正考虑针对性收紧2025年4月4日列管的中重稀土相关物项出口许可审查。
去年4月4日，根据《中国出口管制法》等有关法律法规，中国商务部会同海关总署发布关于对钐、钆、铽、镝、镥、钪、钇等七类中重稀土相关物项实施出口管制措施的公告，并于发布之日起正式实施。
中日关系因日本首相高市早苗发表“台湾有事论”跌入低谷。北京采取了一系列措施，包括在中日人员和文化交流以及军事领域施压，要求高市早苗撤回相关言论。",,
zaobao,陈吉宁与李在明会面：中韩是搬不走的重要近邻,https://www.zaobao.com.sg/realtime/china/story20260107-8063054,,"中共上海市委书记陈吉宁与韩国总统李在明星期二（1月6日）会面时说，中韩是搬不走的重要近邻，也是分不开的合作伙伴。
据“上海发布”微信公众号消息，陈吉宁星期二会见了李在明。陈吉宁说，中韩是搬不走的重要近邻，也是分不开的合作伙伴。中国国家主席习近平同李在明在北京举行会晤，为中韩关系发展指明了方向。
陈吉宁称，作为中国的经济中心城市和改革开放的前沿窗口，上海正深化建设国际经济、金融、贸易、航运和科技创新中心，加快建成具有世界影响力的社会主义现代化国际大都市。
陈吉宁表示，愿同韩国一道，在两国元首战略引领下，进一步加强沟通对接，促进人员往来，增进理解互信，在深化友好交流交往中更好把握合作机遇、拓展合作空间、实现合作共赢，为推动中韩战略合作伙伴关系沿着健康轨道迈进作出地方的更大贡献。
据韩联社报道，李在明说，长期以来因为一些毫无根据和没有必要的误解、歪曲和错误，韩中两国民众对彼此的认知出现了普遍恶化，进而导致韩中关系发展在众多层面受阻。因此从今开始，双方应尽可能消除误解，尽力增进两国之间的友好情感。
李在明进一步说，若存在部分矛盾或冲突因素，就应尽量克服，将互惠因素最大化，努力成为彼此的好邻居。两国应携手努力，消除“仇韩”“厌中”情绪。
李在明也提到，习近平在与他会面时总是提到“两国是搬不走的邻居，分不开的关系”。他说，从民间交流、文化领域，乃至军事安全领域，两国可以合作的领域宽广，尤其是经济合作直接关系到民众生活。李在明并表示，希望韩国能为中国落实“十五五”（2026年至2030年）规划做出贡献。
李在明还说，上海是他一直想到访的城市。在韩国丧失国权的时期，先辈们将上海作为为独立和解放而战斗的根据地，上海具有特殊意义。
韩国在2016年因部署美国“萨德”反导弹系统导致中韩关系跌入谷底，经贸合作受到影响。李在明去年6月上任后努力改善对华关系，星期天（4日）到中国进行四天国事访问，此行率领韩国四大企业掌门人等200多人组成的经济代表团，凸显深化韩中经贸合作的决心。
李在明星期一与习近平举行会谈时，除了谈及经贸，也都提到中韩抗日历史。在中日关系和台海局势紧张的背景下，习近平呼吁韩国“坚定站在历史正确一边，作出正确战略选择”。",,
zaobao,爱尔兰今年任欧盟轮值主席国 李强吁积极促进中欧合作,https://www.zaobao.com.sg/realtime/china/story20260107-8063080,,"中国总理李强星期二（1月6日）表示，中国和爱尔兰经济互补性强，两国应加强发展战略对接，深挖各领域合作潜力。他并指出，爱尔兰今年下半年将担任欧盟轮值主席国，希望都柏林为促进中欧合作发挥积极作用。
应中国总理李强邀请，爱尔兰总理马丁（Micheál Martin）星期天（1月4日）下午乘机抵达北京首都国际机场，开启为期五天的正式访华行程，是爱尔兰总理时隔14年再次访华。中国国家主席习近平星期一（5日）上午在北京人民大会堂会见马丁；除北京外，马丁还将访问上海。
据新华社报道，李强星期二下午在北京人民大会堂与马丁举行会谈，表示习近平与马丁此前一天举行会晤，就深化北京和都柏林关系作出战略指引。在中国和爱尔兰共同努力下，两国互惠战略伙伴关系持续走深走实，各领域合作不断取得新的成果。
李强表示，中国愿同爱尔兰一道继续努力，巩固增强政治互信，照顾彼此重大利益和核心关切，高质量推进务实合作，推动双边关系不断迈上新台阶，实现更高水平的互利共赢。
在经贸合作方面，李强指出，中国和爱尔兰的经济互补性强，双方应当加强发展战略对接，深挖各领域合作潜力。中国愿同爱尔兰推动双边贸易扩面提质，拓展飞机租赁、保险、医疗、健康等服务贸易，更好满足两国民众需求，欢迎爱尔兰企业用好进博会、服贸会等平台加大商品推介。
李强并呼吁双方共同抢抓未来发展机遇，深化绿色能源、数字经济、人工智能、信息技术、生命科学等领域合作，同时进一步便利人员往来，加强文化、旅游、教育和地方交流合作，不断夯实两国友好的民意基础。
李强指出，当前，全球单边主义、保护主义抬头，国际经贸秩序遭受严重冲击。北京愿同都柏林加强在联合国等多边机制的沟通协作，维护多边主义和自由贸易，推动国际秩序朝着更加公正合理的方向发展。
新华社引述马丁指出，爱尔兰和中国人民长期友好，经贸合作成果丰硕，增进了两国人民福祉。爱尔兰坚定致力于进一步深化两国互惠战略伙伴关系，愿同中国加强各层级交往，发挥互补优势，促进贸易、投资、科技、医疗、农业、绿色经济、人工智能等领域合作，密切教育、地方等人文交流。
马丁表示，欢迎更多中国企业赴爱尔兰投资。都柏林重视北京在国际事务中发挥的重要作用，愿同中国密切多边协调，反对单边主义、保护主义，共同维护世界和平稳定与发展繁荣。爱尔兰也愿为促进欧中对话与合作发挥建设性作用。",,
zaobao,黄仁勋：中国或通过采购订单暗示H200晶片能否对华进口,https://www.zaobao.com.sg/realtime/china/story20260107-8063148,,"美国晶片巨头英伟达首席执行官黄仁勋星期二（1月6日）称，他不认为中国政府会正式宣布已允许中国企业进口英伟达的H200晶片，但相关情况将通过采购订单得到体现。
据路透社报道，黄仁勋在提到中国客户对H200晶片的需求强劲后表示：“我预计不会有任何新闻稿或重大的公开声明。”
黄仁勋在拉斯维加斯消费电子展期间举行的新闻发布会上说：“（但）如果采购订单出现，那就意味着他们（中国企业）具备下订单的条件。”
美国总统特朗普去年撤销了长期实施的对华先进人工智能晶片出口禁令，称他将允许英伟达向中国出售H200晶片。H200晶片是英伟达当前旗舰产品“Blackwell”晶片的前身。
星期二早些时候，英伟达首席财务官克雷斯在接受摩根大通分析师采访时说，美国政府正“加紧”推进英伟达向中国出口H200晶片的许可审批，但公司仍不清楚这些申请何时会获批。
克雷斯谈到这些申请时说：“我们将拭目以待。”",,
zaobao,中国空间站进行锂离子电池在轨实验,https://www.zaobao.com.sg/realtime/china/story20260107-8063232,,"中国空间站进行锂离子电池在轨实验，有望突破重力场与电场耦合作用的认知瓶颈，推动电化学基础理论的进一步发展。
据新华社报道，记者星期三（1月7日）从中国科学院获悉，“面向空间应用的锂离子电池电化学光学原位研究”项目已在中国空间站内开展，神舟二十一号航天员乘组共同在轨操作该项目实验，中国科学院研究员张洪章作为载荷专家发挥了专业优势。
锂离子电池因能量密度高、循环寿命长和安全可靠性高，是现代航天任务的“能量心脏”。当前，对锂离子电池性能的研究已深入到微观机理层面，其中电解液内部化学物质的分布状态，是决定电池功率和寿命的核心因素之一。
然而在地面实验中，重力场始终与电场交织在一起，难以单独厘清重力对电池内部过程的影响。太空独有的微重力环境，为突破这一科研瓶颈提供了理想实验场，在太空能够更纯粹地研究电池内部离子传输、嵌入脱出等关键过程。但微重力环境也为实验带来了新挑战——电池内部液体行为与地面差异显著，可能导致电池性能下降、安全性风险增加。
“面向空间应用的锂离子电池电化学光学原位研究”项目旨在直接观测与解析微重力环境对电池内部关键过程的影响机理，为提升航天器能源系统效能提供有力的科学依据。
此次实验的推进，有望突破重力场与电场耦合作用的认知瓶颈，推动电化学基础理论的进一步发展，为优化目前在轨电池系统、设计下一代高比能高安全太空电池提供依据。",,
zaobao,彭博：中国延长允许银行出售不良个人贷款政策,https://www.zaobao.com.sg/realtime/china/story20260107-8063248,,"彭博社引述知情人士报道，在信用卡违约持续上升之际，中国金融监管机构延长了一项政策，允许银行和资产管理公司处置不良个人贷款。
知情人士称，中国国家金融监督管理总局上周向银行和资产管理公司发出指导意见，允许它们在原定2025年底截止期限之后，转让和出售不良个人贷款和不良单一客户企业贷款。
此次延期凸显了监管机构在经济逆风背景下，赋予银行更大的灵活性以应对资产质量持续恶化的决心。有关政策最早于2021年初推出。
由于利润率跌至历史新低，中国银行业正在加快核销和转移不良资产，以改善资产质量。
《证券时报》去年5月报道，查阅银登中心数据发现，2025年一季度个人不良贷款批量转让（未偿本息）成交规模为370.4亿元（人民币，下同，67.95亿新元），较去年四季度的715.4亿元呈规律性回落（每年四季度都是当年最高，次年一季度一般都会回落），但较去年一季度增长超7.6倍。
根据国家金融监督管理总局的数据，2024年贷款机构处置不良资产的规模达到创纪录的3.8万亿元，高于2020年以来每年约3万亿元的水平。",,
zaobao,台F-16V战机花莲外海失联 飞行员跳伞逃生下落不明,https://www.zaobao.com.sg/realtime/china/story20260107-8063296,,"台湾空军一架F-16V单座战机星期二（1月6日）晚训练时失联，飞行员跳伞逃生，空军随即成立应变中心漏液展开搜救，但因海况不佳救援难度增加。这也是台湾军方现役机型改装后的第二次失事。
台湾空军司令部星期二晚发新闻稿称，失联飞机隶属花莲基地，机号为6700，当天傍晚6时17分起飞，由一名辛姓飞行员驾驶执行训练任务。傍晚7时29分，辛姓飞行员疑似在花莲县丰滨乡东部海域跳伞。
空军指出，辛柏毅事发时执行夜间飞行训练课目，其飞行总时数611小时、机种总时数371小时。
另据联合新闻网报道，台湾官方随即派出S-70C-6搜救直升机、C-130H运输机、UH-60M重装黑鹰直升机、EC225直升机等前往协助搜救；海巡署也派遣舰艇协助支援。不过，因晚间海上天气、视线不佳，最高阵风可达到八级，海浪有中浪，增加救援难度。
事故发生后，台湾总统府发言人郭雅慧表示，总统赖清德总统第一时间已指示国防部及相关单位全力搜救，以确保人员平安为最高目标。赖清德随后也在脸书贴文强调，每一位台军将士都是台湾的重要支柱，请全体台湾民众一起为失联的辛姓上尉集气、为搜救人员加油。
台湾行政院发言人李慧芝也表示，行政院长卓荣泰第一时间与防长顾立雄通话了解情况。台国防部表示，顾立雄获报后，即赴空军司令部掌握全般状况，并要求全力搜救。
星期二晚发生事故的F-16V，是台湾军方现役机型，由原F-16A/B改装而来。这是该机型改装后的第二次失事。2022年1月11日，一架由陈姓飞行员驾驶、机号为6650的F-16V战机，在嘉义外海训练时坠海，飞行员罹难。",,
zaobao,美媒：美国要求委内瑞拉切断与中俄的经济联系,https://www.zaobao.com.sg/realtime/china/story20260107-8063339,,"美国媒体报道，特朗普政府已告知委内瑞拉代总统罗德里格斯，委内瑞拉政府必须在石油生产方面仅与美国合作，并在出售重质原油时优先向美国出售。
美国广播公司（ABC）引述三名知情人士透露，美国还要求委内瑞拉减少与中国、俄罗斯、伊朗和古巴的关系。ABC称，美国已要求委内瑞拉驱逐这四个国家，并切断经济联系。
美国新闻网站Axios引述一位美国官员说，特朗普政府正向委内瑞拉临时政府施压，要求委内瑞拉将所有被怀疑来自中国、俄罗斯、古巴和伊朗的间谍和其他情报人员驱逐出境。
目前尚不清楚美国将在多大程度上推动将中国、俄罗斯等国从委内瑞拉经济中移除。任何切断联系的举措，都将意味着委内瑞拉政治立场的全面重组。近年来，在马杜罗及他的前任查韦斯执政期间，委内瑞拉的经济和安全稳定方面都高度依赖这四个国家。
尽管美国高级官员称，美国无意占领委内瑞拉，但特朗普已多次明确表态，他打算在引导委内瑞拉未来走向方面发挥主导作用，而这一未来在很大程度上将由石油收入提供资金。美国政府计划在下周与美国石油公司会面，讨论对委内瑞拉的投资事项。
另据路透社报道，特朗普说，委内瑞拉总统马杜罗被美军带走后，委内瑞拉政府将向美国移交3000万至5000万桶受制裁的原油。",,
zaobao,辽宁日报：优化营商环境要整治“关系文化”,https://www.zaobao.com.sg/realtime/china/story20260107-8063385,,"针对当地存在的“托关系”“打招呼”现象，官媒《辽宁日报》发文强调，优化营商环境要整治“关系文化”。
《辽宁日报》星期三（1月7日）刊发评论员文章，题为《这样改，带来什么？》。
文章称，企业愿不愿投资兴业，一个重要的因素是看当地政府是否诚信。全省优化营商环境大会召开之后，一个强烈的共识已经形成：辽宁对营商环境是真重视、动真格，大家对辽宁全面振兴的前景深切关注、热切期盼。
文章称，营商环境，讲究“公道”。长期以来，一些“托关系”“打招呼”“不找人不好办事”等现象，让不少辽宁人觉得憋屈。
文章称，辽宁把“关系文化”纳入整治重点，清理隐性壁垒，规范涉企监管，推动公共资源配置更加公开透明，意思很清楚，就是让“潜规则”无处藏身，让“明规则”畅行其道。
文章总结道，转变当然不会一夜之间发生。旧习气有惯性，新制度需扎根，真正的考验在日常。但方向一旦坚定，每一个微小的进步都值得珍视，累积起来，一个新的辽宁会一步步站到人们面前：信心更足，规则更明，办事更顺，作风更实。",,
zaobao,台内政和教育部长被大陆列为“台独”顽固分子,https://www.zaobao.com.sg/realtime/china/story20260107-8063437,,"中国大陆国台办星期三（1月7日）宣布，将台湾内政部长刘世芳、教育部长郑英耀列为“台独”顽固分子，被北京列为“台独”顽固分子者由此升至14人。
据央视新闻报道，大陆国台办发言人陈斌华星期三在例行新闻发布会上宣布，将刘世芳、郑英耀列为“台独”顽固分子，依法实施惩戒。
陈斌华表示，两岸民众同根同源、同文同种；要和平、要发展、要交流、要合作，是两岸民众的共同心声。他批评刘世芳、郑英耀倒行逆施，“台独”恶行累累，引起两岸民众强烈愤慨。许多民众向大陆国台办举报，要求对刘世芳、郑英耀二人进行惩处。
陈斌华指责刘世芳赤裸裸宣扬“台独”分裂谬论，大肆打压支持、参与两岸交流合作的台湾人士，迫害在台大陆配偶，极力给两岸人员往来设置障碍，封堵两岸民众交流沟通渠道。郑英耀则大肆鼓吹谋“独”挑衅言论，组织编纂“台独”教材，毒害台湾青少年，阻挠两岸教育交流合作。
陈斌华批评刘世芳、郑英耀“台独”思想顽固、涉“独”言论嚣张、谋“独”行径恶劣，公开分裂国家、煽动分裂国家，严重破坏两岸交流合作，严重危害两岸关系和平发展，严重损害两岸同胞利益福祉。
大陆并依据有关法律法规，决定将刘世芳、郑英耀列入“台独”顽固分子清单并实施制裁，禁止刘世芳、郑英耀及其家属进入大陆及香港、澳门特别行政区。
与刘世芳、郑英耀的关联机构，也被限制与大陆有关组织、个人进行合作；与他们关联的企业和金主绝不允许在大陆谋利，大陆并将采取其它一切必要的惩治措施，依法终身追责。
陈斌华也表示，欢迎两岸民众继续提供关于刘世芳、郑英耀的违法犯罪线索。
陈斌华强调，“台独”分裂是两岸关系和平发展的严重祸害，惩治极少数“台独”顽固分子是为了从根本上维护国家主权和领土完整、保障台湾民众切身利益福祉，绝非针对广大台湾民众。
他呼吁广大台湾民众认清极少数“台独”顽固分子的害台本性、险恶用心、丑恶嘴脸，自觉与刘世芳、郑英耀等“台独”顽固分子划清界线，坚决反对“台独”分裂行径，坚定推动两岸交流合作、融合发展，守护中华民族共同家园，共创两岸同胞绵长福祉。
另一方面，陈斌华星期三也宣布，将“绿色司法打手”陈舒云列为“台独”打手帮凶，依法终身追责。
陈斌华指出，“台独”分子是分裂国家、破坏两岸关系发展的违法犯罪分子，也是谋“独”引战、损害同胞利益福祉的民族败类。截至目前，大陆已公布“台独”顽固分子14人，“台独”打手帮凶12人。
他警告，凡是以身试法的“台独”分子无论身在何处，大陆都将采取一切必要措施，依法惩治，终身追责。",,
zaobao,丘成桐：人工智能还需要数学家帮忙,https://www.zaobao.com.sg/realtime/china/story20260107-8063447,,"著名数学家丘成桐说，人工智能还需要数学家帮忙，建议人类的头脑跟人工智能一同解决难题。
据中新社报道，第十届世界华人数学家大会“人工智能与数学”夜话活动星期二（1月6日）晚在上海举办，世界华人数学家大会主席、上海数学与交叉学科研究院理事长丘成桐在会上发言。
丘成桐说，数学与人工智能基本上分不开，现在人工智能还需要数学家来帮忙，尤其是最底层的算法很需要数学。
丘成桐说，人工智能第一次对他的想法产生很大冲击是AlphaGo的成功，“围棋这个事情复杂程度这么高，但AlphaGo完成了。”
他表示，很多重要的事情，人工智能都可以帮忙，但建议人类的头脑跟人工智能一同来解决（难题），“人工智能有想象力不够的地方，数学家可以帮忙。”",,
zaobao,港官员访美行程临时取消 港媒：与马杜罗事件有关,https://www.zaobao.com.sg/realtime/china/story20260107-8063780,,"香港创新科技及工业局局长孙东原定星期二（1月6日）启程访美，但香港官方突然在当天下午宣布行程取消，也没有说明原因。据报，孙东临时取消访美行程与委内瑞拉总统马杜罗被美军抓捕事件有关。
根据港府新闻公报网站，香港官方星期二中午12时宣布，孙东将从美国加利福尼亚州当地时间星期二展开访问美国拉斯维加斯和旧金山行程，将出席在拉斯维加斯举行的国际消费电子展。他将在星期天（11日）返抵香港。
之后，香港官方在下午4时20分宣布，孙东取消美国访问行程，但并未说明行程取消的原因。
据香港《明报》星期三（1月7日）报道，孙东临时取消访美与马杜罗事件有关，访问团队原已抵达机场准备出发。
《明报》向创科局查询取消行程原因、何时决定及由谁决定等，局方仅回复说，“特区政府一直对官员外访的适切性作动态评估，经评估后决定取消”。
中国全国港澳研究会顾问刘兆佳向《明报》分析，官员出访的政治意味较重。他说，在中国政府眼中，美国是践踏委内瑞拉主权，掳走他国总统行径属“匪夷所思”，如果孙东认为此时不适合访美，这是可以理解及支持的。
至于创科局在公布行程数小时后取消，刘兆佳称难以估计是北京要求或港府自行决定，但至少与中国对美国掳拐行动的“极度反感”有关。
刘兆佳还说，在这大环境下探讨香港与美国的科技合作属不合时宜，会予人观感将经济利益置于坚持重大政治原则之上；即使没有马杜罗的事件发生，香港与美国的经济交流已困难，美国也不想北京通过香港取得其高科技。
刘兆佳相信马杜罗事件后，要推动中美科技合作的难度变得更高。
美军在上星期六（1月3日）突袭委内瑞拉加拉加斯掳走马杜罗。",,
